n_server,dist_wait,dist_serve,priority,preempt,avg_waiting_time,avg_system_time,avg_utilization
1,expovariate,expovariate,False,False,7.0777980673089225,8.087830311566325,5.804597525691233e-05
1,expovariate,expovariate,False,False,9.06968005989454,10.066647900415203,5.7041185006765074e-05
1,expovariate,expovariate,False,False,11.200864493188254,12.20983617623551,5.764898918096933e-05
1,expovariate,expovariate,False,False,7.136354586483733,8.130441389276484,5.7271075627073784e-05
1,expovariate,expovariate,False,False,9.771473520987115,10.770748817819735,5.726935885357361e-05
1,expovariate,expovariate,False,False,9.006786068247331,10.009283177603715,5.745678003804743e-05
1,expovariate,expovariate,False,False,16.494389365714632,17.496263874003702,5.715183538863227e-05
1,expovariate,expovariate,False,False,11.367427976427818,12.370802112254458,5.767315745840896e-05
